{
    "parent": "jkci:root",
    "criteria": {
        "jkci": {
            "trigger": "minecraft:inventory_changed",
            "conditions": {
                "items": [
                    {
                        "items": [
                            "minecraft:heavy_weighted_pressure_plate"
                        ]
                    }
                ]
            }
        }
    },
    "rewards": {
        "function": "jkci:blocks/heavy_weighted_pressure_plate"
    }
}