{
    "parent": "jkci:root",
    "criteria": {
        "jkci": {
            "trigger": "minecraft:inventory_changed",
            "conditions": {
                "items": [
                    {
                        "items": [
                            "minecraft:infested_mossy_stone_bricks"
                        ]
                    }
                ]
            }
        }
    },
    "rewards": {
        "function": "jkci:blocks/infested_mossy_stone_bricks"
    }
}