{
    "parent": "jkci:root",
    "criteria": {
        "jkci": {
            "trigger": "minecraft:inventory_changed",
            "conditions": {
                "items": [
                    {
                        "items": [
                            "minecraft:light_gray_stained_glass_pane"
                        ]
                    }
                ]
            }
        }
    },
    "rewards": {
        "function": "jkci:blocks/light_gray_stained_glass_pane"
    }
}