{
    "type": "minecraft:block",
    "functions": [
        {
            "function": "minecraft:explosion_decay"
        }
    ],
    "pools": [
        {
            "bonus_rolls": 0.0,
            "entries": [
                {
                    "type": "minecraft:alternatives",
                    "children": [
                        {
                            "type": "minecraft:item",
                            "conditions": [
                                {
                                    "block": "minecraft:beetroots",
                                    "condition": "minecraft:block_state_property",
                                    "properties": {
                                        "age": "3"
                                    }
                                }
                            ],
                            "name": "minecraft:beetroot",
                            "functions": [
                                {
                                    "function": "set_components",
                                    "components": {
                                        "death_protection": {}
                                    }
                                }
                            ]
                        },
                        {
                            "type": "minecraft:item",
                            "name": "minecraft:beetroot_seeds",
                            "functions": [
                                {
                                    "function": "set_components",
                                    "components": {
                                        "death_protection": {}
                                    }
                                }
                            ]
                        }
                    ]
                }
            ],
            "rolls": 1.0
        },
        {
            "bonus_rolls": 0.0,
            "conditions": [
                {
                    "block": "minecraft:beetroots",
                    "condition": "minecraft:block_state_property",
                    "properties": {
                        "age": "3"
                    }
                }
            ],
            "entries": [
                {
                    "type": "minecraft:item",
                    "functions": [
                        {
                            "function": "set_components",
                            "components": {
                                "death_protection": {}
                            }
                        }
                    ],
                    "name": "minecraft:beetroot_seeds"
                }
            ],
            "rolls": 1.0
        }
    ],
    "random_sequence": "minecraft:blocks/beetroots"
}