{
    "type": "minecraft:block",
    "pools": [
        {
            "bonus_rolls": 0.0,
            "entries": [
                {
                    "type": "minecraft:item",
                    "conditions": [
                        {
                            "condition": "minecraft:survives_explosion"
                        },
                        {
                            "condition": "minecraft:entity_properties",
                            "entity": "this",
                            "predicate": {}
                        }
                    ],
                    "name": "minecraft:chorus_flower",
                    "functions": [
                        {
                            "function": "set_components",
                            "components": {
                                "death_protection": {}
                            }
                        }
                    ]
                }
            ],
            "rolls": 1.0
        }
    ],
    "random_sequence": "minecraft:blocks/chorus_flower"
}