{
    "type": "minecraft:block",
    "pools": [
        {
            "bonus_rolls": 0.0,
            "entries": [
                {
                    "type": "minecraft:alternatives",
                    "children": [
                        {
                            "type": "minecraft:item",
                            "conditions": [
                                {
                                    "condition": "minecraft:match_tool",
                                    "predicate": {
                                        "predicates": {
                                            "minecraft:enchantments": [
                                                {
                                                    "enchantments": "minecraft:silk_touch",
                                                    "levels": {
                                                        "min": 1
                                                    }
                                                }
                                            ]
                                        }
                                    }
                                }
                            ],
                            "name": "minecraft:creaking_heart",
                            "functions": [
                                {
                                    "function": "set_components",
                                    "components": {
                                        "death_protection": {}
                                    }
                                }
                            ]
                        },
                        {
                            "type": "minecraft:item",
                            "functions": [
                                {
                                    "function": "set_components",
                                    "components": {
                                        "death_protection": {}
                                    }
                                }
                            ],
                            "name": "minecraft:resin_clump"
                        }
                    ]
                }
            ],
            "rolls": 1.0
        }
    ],
    "random_sequence": "minecraft:blocks/creaking_heart"
}