{
    "type": "minecraft:block",
    "pools": [
        {
            "bonus_rolls": 0.0,
            "entries": [
                {
                    "type": "minecraft:alternatives",
                    "children": [
                        {
                            "type": "minecraft:dynamic",
                            "conditions": [
                                {
                                    "block": "minecraft:decorated_pot",
                                    "condition": "minecraft:block_state_property",
                                    "properties": {
                                        "cracked": "true"
                                    }
                                }
                            ],
                            "name": "minecraft:sherds",
                            "functions": [
                                {
                                    "function": "set_components",
                                    "components": {
                                        "death_protection": {}
                                    }
                                }
                            ]
                        },
                        {
                            "type": "minecraft:item",
                            "functions": [
                                {
                                    "function": "set_components",
                                    "components": {
                                        "death_protection": {}
                                    }
                                }
                            ],
                            "name": "minecraft:decorated_pot"
                        }
                    ]
                }
            ],
            "rolls": 1.0
        }
    ],
    "random_sequence": "minecraft:blocks/decorated_pot"
}