{
    "type": "minecraft:block",
    "pools": [
        {
            "bonus_rolls": 0.0,
            "conditions": [
                {
                    "condition": "minecraft:match_tool",
                    "predicate": {
                        "items": "minecraft:shears"
                    }
                }
            ],
            "entries": [
                {
                    "type": "minecraft:item",
                    "name": "minecraft:hanging_roots",
                    "functions": [
                        {
                            "function": "set_components",
                            "components": {
                                "death_protection": {}
                            }
                        }
                    ]
                }
            ],
            "rolls": 1.0
        }
    ],
    "random_sequence": "minecraft:blocks/hanging_roots"
}