{
    "type": "minecraft:block",
    "pools": [
        {
            "bonus_rolls": 0.0,
            "conditions": [
                {
                    "condition": "minecraft:survives_explosion"
                }
            ],
            "entries": [
                {
                    "type": "minecraft:item",
                    "functions": [
                        {
                            "function": "set_components",
                            "components": {
                                "death_protection": {}
                            }
                        }
                    ],
                    "name": "minecraft:light_blue_banner"
                }
            ],
            "rolls": 1.0
        }
    ],
    "random_sequence": "minecraft:blocks/light_blue_banner"
}