{
    "type": "minecraft:archaeology",
    "pools": [
        {
            "bonus_rolls": 0.0,
            "entries": [
                {
                    "type": "minecraft:item",
                    "name": "minecraft:burn_pottery_sherd",
                    "functions": [
                        {
                            "function": "set_components",
                            "components": {
                                "death_protection": {}
                            }
                        }
                    ]
                },
                {
                    "type": "minecraft:item",
                    "name": "minecraft:danger_pottery_sherd",
                    "functions": [
                        {
                            "function": "set_components",
                            "components": {
                                "death_protection": {}
                            }
                        }
                    ]
                },
                {
                    "type": "minecraft:item",
                    "name": "minecraft:friend_pottery_sherd",
                    "functions": [
                        {
                            "function": "set_components",
                            "components": {
                                "death_protection": {}
                            }
                        }
                    ]
                },
                {
                    "type": "minecraft:item",
                    "name": "minecraft:heart_pottery_sherd",
                    "functions": [
                        {
                            "function": "set_components",
                            "components": {
                                "death_protection": {}
                            }
                        }
                    ]
                },
                {
                    "type": "minecraft:item",
                    "name": "minecraft:heartbreak_pottery_sherd",
                    "functions": [
                        {
                            "function": "set_components",
                            "components": {
                                "death_protection": {}
                            }
                        }
                    ]
                },
                {
                    "type": "minecraft:item",
                    "name": "minecraft:howl_pottery_sherd",
                    "functions": [
                        {
                            "function": "set_components",
                            "components": {
                                "death_protection": {}
                            }
                        }
                    ]
                },
                {
                    "type": "minecraft:item",
                    "name": "minecraft:sheaf_pottery_sherd",
                    "functions": [
                        {
                            "function": "set_components",
                            "components": {
                                "death_protection": {}
                            }
                        }
                    ]
                },
                {
                    "type": "minecraft:item",
                    "name": "minecraft:wayfinder_armor_trim_smithing_template",
                    "functions": [
                        {
                            "function": "set_components",
                            "components": {
                                "death_protection": {}
                            }
                        }
                    ]
                },
                {
                    "type": "minecraft:item",
                    "name": "minecraft:raiser_armor_trim_smithing_template",
                    "functions": [
                        {
                            "function": "set_components",
                            "components": {
                                "death_protection": {}
                            }
                        }
                    ]
                },
                {
                    "type": "minecraft:item",
                    "name": "minecraft:shaper_armor_trim_smithing_template",
                    "functions": [
                        {
                            "function": "set_components",
                            "components": {
                                "death_protection": {}
                            }
                        }
                    ]
                },
                {
                    "type": "minecraft:item",
                    "name": "minecraft:host_armor_trim_smithing_template",
                    "functions": [
                        {
                            "function": "set_components",
                            "components": {
                                "death_protection": {}
                            }
                        }
                    ]
                },
                {
                    "type": "minecraft:item",
                    "name": "minecraft:music_disc_relic",
                    "functions": [
                        {
                            "function": "set_components",
                            "components": {
                                "death_protection": {}
                            }
                        }
                    ]
                }
            ],
            "rolls": 1.0
        }
    ],
    "random_sequence": "minecraft:archaeology/trail_ruins_rare"
}