{
  "parent": "minecraft:end/kill_dragon",
  "criteria": {
    "entered_end_gateway": {
      "conditions": {
        "block": "minecraft:end_gateway"
      },
      "trigger": "minecraft:enter_block"
    }
  },
  "display": {
    "description": {
      "translate": "advancements.end.enter_end_gateway.description"
    },
    "icon": {
      "count": 1,
      "id": "minecraft:ender_pearl"
    },
    "title": {
      "translate": "advancements.end.enter_end_gateway.title"
    }
  },
  "requirements": [
    [
      "entered_end_gateway"
    ]
  ],
  "rewards": {
    "function": "jkda:play/get/task"
  },
  "sends_telemetry_event": true
}