{
  "parent": "minecraft:story/enter_the_nether",
  "criteria": {
    "cured_zombie": {
      "trigger": "minecraft:cured_zombie_villager"
    }
  },
  "display": {
    "description": {
      "translate": "advancements.story.cure_zombie_villager.description"
    },
    "frame": "goal",
    "icon": {
      "count": 1,
      "id": "minecraft:golden_apple"
    },
    "title": {
      "translate": "advancements.story.cure_zombie_villager.title"
    }
  },
  "requirements": [
    [
      "cured_zombie"
    ]
  ],
  "rewards": {
    "function": "jkda:play/get/goal"
  },
  "sends_telemetry_event": true
}