{
  "parent": "minecraft:husbandry/axolotl_in_a_bucket",
  "criteria": {
    "kill_axolotl_target": {
      "conditions": {
        "source": [
          {
            "condition": "minecraft:entity_properties",
            "entity": "this",
            "predicate": {
              "type": "minecraft:axolotl"
            }
          }
        ]
      },
      "trigger": "minecraft:effects_changed"
    }
  },
  "display": {
    "description": {
      "translate": "advancements.husbandry.kill_axolotl_target.description"
    },
    "icon": {
      "count": 1,
      "id": "minecraft:tropical_fish_bucket"
    },
    "title": {
      "translate": "advancements.husbandry.kill_axolotl_target.title"
    }
  },
  "requirements": [
    [
      "kill_axolotl_target"
    ]
  ],
  "rewards": {
    "function": "jkda:play/get/task"
  },
  "sends_telemetry_event": true
}